{"sigma": 4.333333333333333, "percentile": 95, "threshold": 0.15999999999999998, "closing_count": 6, "opening_count": 6, "image_dpi": 500}